1|1:0.13|2:0.76|7:0.26|8:0.70|11:0.71|14:0.67|19:0.59|20:0.24|24:0.34|26:0.96|30:0.15|32:0.89|34:0.86|35:0.80|36:0.43|37:0.48|41:0.59|42:0.83|43:0.83|47:0.13|52:0.36|53:0.72|54:0.35|55:0.53|58:0.99|60:0.50|65:0.85|68:0.66|70:0.42|72:0.72|74:0.42|75:0.51|76:0.48|79:0.34|82:1.00|83:0.97|86:0.19|93:0.55|96:0.01|97:0.59|98:0.83|185:0.79|821:0.17|7830:0.71|13585:0.01|123682:0.39|211190:0.63|287981:0.45|1016411:0.46|1449654:0.76|1642490:0.76|2178321:0.42|7865154:0.74|9383788:0.31
2|3:0.28|4:0.91|9:0.20|10:0.29|11:0.56|13:0.87|15:0.06|16:0.63|22:0.54|23:0.80|25:0.77|26:0.83|28:0.23|29:0.60|30:0.04|32:0.27|33:0.20|35:0.81|36:0.40|37:0.58|40:0.30|41:0.55|42:0.79|47:0.75|48:0.39|51:0.06|52:0.92|53:0.80|54:0.97|55:0.15|56:0.38|58:0.93|60:0.61|61:0.19|63:0.69|68:0.96|72:0.86|75:0.15|81:1.00|82:0.02|83:0.76|84:0.26|92:0.13|96:0.22|97:0.91|98:0.15|185:0.48|735:0.63|821:0.53|2370:0.69|2528:1.00|7830:0.86|123682:0.62|1016411:0.44|1449654:0.03|7865154:0.50
3|2:0.20|5:0.14|6:0.54|8:0.33|14:0.58|17:0.61|19:0.58|27:0.58|28:0.33|30:0.95|36:0.64|38:0.82|41:0.46|42:0.21|43:0.04|45:0.65|46:0.20|49:0.34|53:0.17|54:0.59|55:0.90|58:0.53|62:0.77|65:0.66|68:0.76|72:0.54|73:0.01|74:1.00|75:0.91|76:0.46|79:0.39|81:0.15|82:0.01|84:0.67|85:0.95|89:0.51|91:0.85|96:0.99|98:0.63|100:0.50|270:0.56|2528:0.69|252311:0.65|1016411:0.45|7865154:0.99
4|3:0.55|7:0.14|8:0.32|9:0.96|11:0.24|15:0.77|16:0.79|17:0.33|19:0.30|21:0.10|23:0.33|26:0.19|27:0.80|29:0.19|30:0.05|32:0.33|37:0.91|39:0.11|41:0.88|43:0.69|44:0.11|45:0.88|47:0.66|49:0.12|54:0.75|55:0.34|56:0.90|58:0.26|59:0.74|60:0.10|61:0.14|66:0.99|68:0.76|69:0.75|72:0.44|73:0.62|74:0.64|75:0.35|76:0.50|81:0.45|82:0.19|83:0.39|84:0.50|85:0.15|86:0.82|87:0.28|90:0.59|91:0.02|92:0.50|93:0.10|99:0.75|100:0.83|821:0.35|6822:0.68|7830:0.76|287981:0.87|1016411:0.04|1642490:1.00|2178321:0.20|4060140:1.00|7865154:0.08
5|1:0.26|4:0.84|5:0.14|7:0.46|10:0.05|11:0.95|13:0.90|14:0.88|17:0.10|19:0.70|21:0.77|23:0.73|26:0.77|27:0.78|29:0.52|30:0.66|32:0.54|36:0.12|37:0.73|38:0.36|40:0.15|41:0.86|44:0.72|45:0.95|47:0.05|49:0.47|52:0.34|53:0.95|56:0.93|58:0.37|59:0.76|68:0.63|70:0.63|71:0.63|72:0.05|73:0.70|75:0.94|76:0.66|78:0.22|79:0.35|81:0.19|82:0.32|83:0.29|84:0.64|92:0.18|93:0.28|97:0.63|98:0.80|99:0.19|270:0.68|735:0.69|821:0.55|2528:0.62|7830:0.88|13585:0.64|123682:0.61|211190:0.28|252311:0.20|287981:0.43|1016411:0.01|1642490:0.66|4060140:0.98|9383788:0.61
6|1:0.97|3:0.93|4:0.20|6:0.72|7:0.31|11:0.15|15:0.81|17:0.10|20:0.77|21:0.81|22:0.73|23:0.06|30:0.68|32:0.28|35:0.63|37:0.14|42:0.35|43:0.95|44:0.36|48:0.06|49:0.67|51:0.21|52:0.83|53:0.02|56:0.31|58:0.59|59:0.43|61:0.26|62:0.33|63:0.52|68:0.12|70:0.25|73:0.91|74:0.20|75:0.88|77:0.35|81:0.65|83:0.38|84:0.63|86:0.45|87:0.20|89:0.43|92:0.61|93:0.84|96:0.53|98:0.61|99:0.12|185:0.86|270:0.47|735:0.78|2528:0.41|6822:0.60|7830:0.36|123682:0.38|252311:0.36|1016411:0.85|2178321:0.88|9383788:0.95
7|4:0.38|6:0.37|7:0.70|9:0.24|17:0.27|19:0.67|20:0.63|21:0.32|23:0.51|25:0.04|26:0.17|27:0.85|32:0.33|33:0.26|34:0.86|36:0.76|37:0.83|38:0.74|40:0.38|42:0.70|44:0.83|51:0.38|52:0.70|53:0.05|54:0.04|56:0.70|58:0.27|59:0.42|61:0.80|62:0.44|65:0.31|68:0.16|69:0.54|70:0.05|72:0.97|73:0.94|74:1.00|75:0.38|76:0.79|77:0.79|78:0.74|82:0.43|84:0.21|85:0.79|87:0.06|96:0.15|97:0.36|99:0.66|185:0.62|270:0.22|2370:0.99|2528:0.80|7830:0.81|123682:0.91|211190:0.34|252311:0.08|1449654:0.15|1642490:0.48|2178321:0.35|4060140:0.42|9383788:0.29
8|1:0.83|2:0.40|3:0.05|4:0.30|6:0.96|8:0.35|9:0.31|14:0.26|15:0.99|21:0.16|25:0.23|26:0.38|27:0.03|30:0.72|32:0.76|33:0.37|34:0.81|35:0.91|36:0.86|37:0.69|38:0.25|42:0.84|43:0.80|44:0.28|45:0.00|46:0.77|47:0.22|52:0.64|53:0.98|55:0.64|56:0.62|58:0.38|62:0.44|66:0.51|67:0.04|68:0.74|69:0.05|70:0.10|72:0.78|73:0.25|74:0.86|75:0.68|77:1.00|79:0.35|85:0.10|89:0.23|90:0.59|92:0.80|96:0.17|97:0.12|98:0.45|100:0.93|821:0.69|2370:0.92|2528:0.86|7830:0.74|13585:0.36|211190:0.14|287981:0.10|1016411:0.20
9|2:0.99|3:0.72|5:0.35|6:0.29|14:0.85|16:1.00|19:0.57|20:0.17|24:0.97|26:0.45|29:0.69|34:0.80|35:0.06|36:0.85|37:0.60|38:0.16|41:0.55|47:0.86|48:0.56|51:0.56|52:0.98|54:0.41|56:0.46|58:0.58|60:0.78|61:0.74|65:0.05|69:0.18|70:0.23|71:0.79|72:0.16|74:0.96|75:0.59|76:0.24|78:0.58|82:0.92|83:0.55|84:0.34|85:0.95|89:0.75|90:0.66|96:0.70|821:0.77|2370:0.96|7830:0.89|123682:0.53|1016411:0.98|1449654:0.42|1642490:0.75|2178321:0.81|4060140:0.91|7865154:0.16|9383788:0.87
10|1:0.11|3:0.02|4:0.03|5:0.00|8:0.04|14:0.81|16:0.30|17:0.23|19:0.76|21:0.27|22:0.05|23:0.93|24:0.32|27:0.94|28:0.53|30:0.40|33:0.21|34:0.27|35:0.66|36:0.46|37:0.57|38:0.01|40:0.46|43:0.56|45:0.19|46:0.69|47:0.69|49:0.11|56:0.21|60:0.90|62:0.34|63:0.35|65:0.03|66:0.72|67:0.62|68:0.61|70:0.56|71:0.27|72:0.13|73:0.83|74:0.58|75:0.57|78:0.17|82:0.29|83:0.78|86:0.16|87:0.37|88:0.25|90:0.07|91:0.92|100:0.93|185:0.88|821:0.93|2370:0.68|2528:0.83|6822:0.39|7830:0.65|211190:0.67|1642490:0.07|2178321:0.95|7865154:0.23
11|2:1.00|3:0.28|5:0.99|8:0.21|13:0.69|16:0.48|17:0.30|20:0.43|21:0.06|23:0.46|24:0.75|25:0.42|26:0.85|28:0.24|32:0.39|33:0.48|35:0.99|37:0.12|39:0.23|41:0.48|42:0.57|43:0.58|46:0.73|47:0.28|48:0.27|54:0.55|55:0.74|63:0.27|68:0.76|70:0.19|71:0.15|72:0.12|73:0.34|74:0.63|75:0.99|76:0.36|77:0.40|81:0.43|85:0.68|86:0.03|87:0.57|89:0.46|90:0.08|91:0.78|92:0.33|93:0.86|96:0.41|97:0.62|99:0.16|185:0.29|270:0.54|2370:0.46|6822:0.07|211190:0.91|287981:0.65|1449654:0.28|1642490:0.14|4060140:0.61
12|1:0.81|3:0.05|7:0.97|9:0.35|10:0.56|13:0.18|14:0.19|15:0.46|16:0.20|17:0.51|21:0.20|23:0.41|24:0.39|26:0.30|33:0.64|34:0.26|35:0.74|38:0.22|40:0.74|42:0.14|44:0.38|47:0.71|52:0.09|59:0.43|65:0.90|66:0.27|70:0.76|73:0.38|74:0.24|78:0.89|83:0.08|86:0.68|93:0.70|96:0.14|98:1.00|99:0.85|100:0.70|270:0.39|735:0.30|821:0.63|2528:0.24|6822:0.68|7830:0.56|123682:0.18|287981:0.59|1016411:0.13|1449654:1.00|1642490:0.05|2178321:0.64|4060140:0.03
13|2:0.07|3:0.70|4:0.13|5:0.11|7:0.38|9:0.63|14:0.05|15:0.06|16:0.10|19:0.55|20:0.72|21:0.45|23:0.45|24:0.68|26:0.10|27:0.48|34:0.34|35:0.58|36:0.99|39:0.05|40:0.19|41:0.75|44:0.31|45:0.09|46:0.25|48:0.82|52:0.48|53:0.66|55:0.99|60:0.31|61:0.57|62:0.51|63:0.58|65:0.07|66:0.71|70:0.79|71:0.02|72:0.03|75:0.19|77:0.91|78:0.25|79:0.94|81:0.31|83:0.66|84:1.00|85:0.01|86:0.27|87:0.68|88:0.85|90:0.21|91:0.22|93:0.15|97:0.65|99:0.65|100:0.27|270:0.02|735:0.93|821:0.28|13585:0.12|287981:0.21|1016411:0.74|4060140:0.62|7865154:0.78|9383788:0.22
14|6:0.30|7:0.13|10:0.92|16:0.22|17:0.43|21:0.09|22:0.94|24:0.65|27:0.01|29:0.81|30:0.79|33:0.62|34:0.27|35:0.96|37:0.29|38:0.35|42:0.58|43:0.04|46:0.21|52:0.94|54:0.86|55:0.24|56:0.95|60:0.05|63:0.56|65:0.84|66:0.05|68:0.02|69:0.41|71:0.87|74:0.29|76:0.10|81:0.69|85:0.00|88:0.05|89:0.99|90:0.98|91:0.41|92:0.34|93:0.09|96:0.64|98:0.95|100:0.80|185:0.42|270:0.77|735:0.76|2370:0.14|2528:0.95|7830:0.70|13585:0.33|211190:0.50|252311:0.31|1642490:0.92|2178321:0.97|4060140:0.40|9383788:0.74
15|4:0.95|5:0.87|6:0.71|8:0.53|9:0.99|13:0.03|14:0.14|19:0.43|20:0.67|23:0.75|26:0.75|29:0.38|30:0.36|32:0.97|34:0.06|35:0.16|36:0.27|37:0.11|38:0.35|40:0.01|41:0.46|42:0.23|43:0.70|45:0.57|47:0.99|51:0.31|52:0.57|53:0.27|54:0.48|56:0.76|60:0.64|62:0.46|63:0.90|67:0.64|70:0.71|72:0.98|75:0.23|76:0.77|77:0.46|78:0.77|79:0.84|83:0.79|84:0.96|85:0.50|86:0.03|88:0.28|89:0.46|91:0.58|92:0.95|93:0.16|96:0.51|97:0.02|99:0.50|100:0.71|735:0.25|821:0.77|6822:0.66|123682:0.08|252311:0.84|287981:0.79|1016411:0.47|1642490:0.64|7865154:0.33|9383788:0.86
16|4:0.38|8:0.02|16:0.37|19:0.50|20:0.52|22:0.93|23:0.55|25:0.20|26:0.92|27:0.46|28:0.35|35:0.29|36:1.00|38:0.12|39:0.68|40:0.13|42:0.45|44:0.85|47:0.23|51:0.37|53:0.20|54:0.68|55:0.48|56:0.04|58:0.14|59:0.20|60:0.92|62:0.03|63:0.11|68:0.89|71:0.20|73:0.65|76:0.32|78:0.63|79:0.77|83:0.69|84:0.87|86:0.34|87:0.86|97:0.93|98:0.07|100:0.15|270:0.68|2370:0.79|2528:0.62|6822:0.26|13585:0.35|123682:0.19|252311:0.51|1449654:0.33|1642490:0.54|2178321:0.22|4060140:0.50|7865154:0.90
17|1:0.16|3:0.14|7:0.78|15:0.12|17:0.16|20:0.34|21:0.49|22:0.29|23:0.50|26:0.91|27:0.94|28:0.02|33:0.54|36:0.23|37:0.13|38:0.68|40:0.39|41:0.66|43:0.67|44:0.02|47:0.23|48:0.23|49:0.06|51:0.81|52:0.53|53:0.02|55:0.59|60:0.47|65:0.31|68:0.19|69:0.96|72:0.38|75:0.50|78:0.63|79:0.18|84:0.29|85:0.24|88:0.52|89:0.23|91:1.00|92:0.14|100:0.17|185:0.51|735:0.58|821:0.10|2528:0.61|6822:0.69|7830:0.86|252311:0.66|1016411:0.05|1642490:0.30|2178321:0.04|4060140:0.53|7865154:0.30|9383788:0.81
18|3:0.44|13:0.68|14:0.20|17:0.21|19:0.37|25:0.62|27:0.63|34:0.64|37:0.76|38:0.66|39:0.05|40:0.62|41:0.47|44:0.34|45:0.33|49:0.64|51:0.22|56:0.59|59:0.57|61:0.23|62:0.67|63:0.85|66:0.96|67:0.67|73:0.23|75:0.91|77:0.49|78:0.10|81:0.86|82:0.56|84:0.83|86:0.36|88:0.02|89:0.64|90:0.59|91:0.94|92:0.30|96:0.25|97:0.50|99:0.59|100:0.58|821:0.41|2370:0.40|6822:0.81|7830:0.68|13585:0.23|211190:0.98|252311:0.42|287981:0.53|1016411:0.61|1449654:0.96|2178321:0.92|7865154:0.23
19|1:0.61|2:0.35|4:0.00|5:0.71|6:0.03|8:0.57|9:0.61|11:0.51|13:0.43|15:0.35|16:0.03|17:0.41|21:0.55|23:0.89|26:0.40|27:0.10|28:0.39|29:0.68|30:0.61|32:0.46|33:0.42|35:0.53|37:0.93|38:0.01|42:0.62|43:0.30|47:0.25|48:0.11|49:0.67|51:0.60|52:0.52|54:0.37|55:0.96|56:0.02|58:0.68|59:0.36|60:0.18|61:0.58|62:0.57|65:0.64|66:0.76|67:0.68|73:0.61|74:0.02|77:0.09|78:0.38|79:0.24|81:0.51|83:0.61|84:0.05|86:0.74|87:0.80|88:0.05|89:0.11|90:0.38|91:0.17|92:0.90|96:0.90|98:0.45|185:0.87|735:0.60|2370:0.57|6822:0.14|7830:0.28|123682:0.78|211190:0.22|252311:0.91|287981:0.92|1016411:0.83|1449654:0.81|1642490:0.51|4060140:0.19|7865154:0.13|9383788:0.69
20|1:0.66|3:0.31|7:0.77|11:0.77|14:0.67|15:0.08|16:0.59|20:0.65|23:0.46|28:0.20|30:0.92|32:0.33|34:0.23|36:0.42|37:0.45|42:0.84|44:0.44|45:0.02|47:0.62|48:0.32|49:0.64|52:0.55|59:0.68|60:0.50|61:0.47|62:0.42|65:0.56|67:0.68|68:0.40|70:0.14|72:0.55|77:0.51|79:0.62|81:0.16|83:0.15|85:0.80|86:0.16|91:0.83|92:0.88|93:0.12|96:0.93|100:0.84|270:0.95|2370:0.42|7830:0.41|252311:0.19|1016411:0.37|1449654:0.43|1642490:0.17|2178321:0.97|7865154:0.29|9383788:0.07
21|2:0.95|4:0.26|5:0.88|6:0.57|8:0.80|10:0.39|13:0.55|14:0.80|17:0.24|20:0.60|21:0.77|28:0.62|30:0.63|33:0.63|36:0.62|38:0.78|40:0.92|41:0.09|42:0.83|45:0.94|48:0.51|49:0.51|52:0.39|55:0.12|59:0.83|60:0.59|61:0.34|63:0.82|68:0.60|69:0.34|73:0.70|75:0.05|76:0.45|81:0.50|82:0.88|83:0.54|84:0.63|86:0.41|87:0.19|89:0.41|91:0.86|93:0.90|97:0.94|735:0.86|2370:0.18|2528:0.72|13585:0.41|123682:0.53|211190:0.34|1016411:0.92|1642490:0.38|2178321:0.40|4060140:0.68|9383788:0.34
22|1:0.51|4:0.51|5:0.75|6:0.01|7:0.17|9:0.20|10:0.19|15:0.61|16:0.32|17:0.49|22:0.26|24:0.99|26:0.46|27:0.53|28:0.98|30:0.52|34:0.79|35:0.28|37:0.10|39:0.83|41:0.31|42:0.96|43:0.53|45:0.40|46:0.56|48:0.56|52:0.18|55:0.26|56:0.47|60:0.92|62:0.80|63:0.49|65:0.93|66:0.09|67:0.83|68:0.79|69:0.37|74:0.30|75:0.03|76:0.52|77:0.43|79:0.59|81:0.69|84:0.06|88:0.24|93:0.83|96:0.31|185:0.10|735:0.42|2370:0.92|2528:0.77|6822:0.18|13585:0.44|123682:0.27|211190:0.85|252311:0.48|287981:0.52|1449654:0.26|2178321:0.90|7865154:0.58|9383788:0.84
23|1:0.63|2:0.12|3:0.02|4:0.43|5:0.24|8:0.12|9:0.19|10:0.26|13:0.60|20:0.69|23:0.14|24:0.72|25:0.80|27:0.62|30:0.02|32:0.50|33:0.68|34:0.23|36:0.25|37:0.73|40:0.69|41:0.45|42:0.07|45:0.65|46:0.52|49:0.64|52:0.82|54:0.29|55:0.75|56:0.91|60:0.60|61:0.54|66:1.00|67:0.06|69:0.07|70:0.77|71:0.79|73:0.21|74:0.15|75:0.42|77:0.18|81:0.10|82:0.09|83:0.07|85:0.89|87:0.43|89:0.28|92:0.52|96:0.21|97:0.27|185:0.04|735:0.68|2370:0.68|2528:0.60|13585:0.73|123682:0.41|211190:0.01|287981:0.13|1642490:0.72|7865154:0.41
24|4:0.49|5:0.33|6:0.54|8:0.83|9:0.60|19:0.38|21:0.80|22:0.48|23:0.54|26:0.34|29:0.10|30:0.96|33:0.44|35:0.63|36:0.37|38:0.18|39:0.11|41:0.39|42:0.63|43:0.51|45:0.48|46:0.43|51:0.05|54:0.95|55:0.08|56:0.48|60:0.22|61:0.76|65:0.56|66:0.02|68:0.03|69:0.46|70:0.50|72:0.00|74:0.03|76:0.39|77:0.00|78:0.83|83:0.49|85:0.06|86:0.56|87:0.74|90:0.10|91:0.03|97:0.77|99:0.67|100:0.03|2528:0.28|6822:0.42|7830:0.53|13585:0.63|123682:0.93|1642490:0.34|7865154:0.82
25|4:0.98|7:0.68|11:0.66|13:0.22|15:0.71|21:0.63|22:0.65|24:0.87|28:0.15|32:0.96|34:0.15|36:0.22|37:0.54|38:0.16|39:0.85|40:0.85|42:0.51|43:0.11|46:0.37|51:0.09|52:0.58|53:0.61|55:0.55|59:0.84|61:0.63|63:0.71|65:0.04|67:0.92|69:0.46|71:0.45|74:0.46|76:0.84|77:0.12|79:0.75|83:0.85|85:0.43|86:0.11|88:0.93|89:0.06|91:0.81|93:0.65|97:0.26|98:0.78|99:0.27|185:0.92|735:0.40|821:0.96|2370:0.15|7830:0.11|13585:0.90|123682:0.14|211190:0.76|252311:0.61|287981:0.10|1449654:0.82|1642490:0.25|2178321:0.68|4060140:0.69
26|2:0.13|3:0.57|4:0.72|5:0.72|6:0.67|8:0.91|9:0.93|10:0.61|13:0.67|15:0.24|16:0.62|17:0.05|20:0.78|21:0.60|25:0.55|28:0.15|32:0.85|33:0.32|37:0.72|41:0.27|45:0.90|46:0.36|47:0.94|48:0.06|49:0.11|53:0.72|54:0.08|55:0.30|56:0.39|59:0.61|60:0.60|61:0.12|62:0.34|67:0.78|70:0.14|73:0.78|74:0.13|75:0.03|83:0.07|84:0.39|87:0.75|88:0.87|93:0.40|100:0.07|185:0.42|270:0.62|735:0.58|821:0.41|2370:0.89|7830:0.68|13585:0.39|211190:0.03|1016411:0.06|1449654:0.23|4060140:0.61|7865154:0.01
27|1:0.25|2:0.14|3:0.12|6:0.67|7:0.10|10:0.12|14:0.98|19:0.98|22:0.67|23:0.03|24:0.66|25:0.16|26:0.63|27:0.23|29:0.57|30:0.87|33:0.11|34:0.61|35:0.80|36:0.11|37:0.53|38:0.55|39:0.89|40:0.81|45:0.32|53:0.64|55:0.90|56:0.35|59:0.88|60:0.05|62:0.04|65:0.40|67:0.15|70:0.35|71:0.48|73:0.03|76:0.65|77:0.65|81:0.05|82:0.12|84:0.20|85:0.83|87:0.30|89:0.03|92:0.58|93:0.22|97:0.55|100:0.13|185:0.06|270:0.55|735:0.43|2370:0.76|2528:0.74|6822:0.93|13585:0.57|123682:0.37|211190:0.61|287981:0.30|1016411:0.32|2178321:0.57|4060140:0.75
28|1:0.04|2:0.23|4:0.58|5:0.45|6:0.42|10:0.56|13:0.75|14:0.57|15:0.76|19:0.85|21:0.73|22:0.24|24:0.11|25:0.32|26:0.36|28:0.14|29:0.69|33:0.79|34:0.81|37:0.87|39:0.71|41:0.65|46:0.76|47:1.00|48:0.82|52:0.59|54:0.72|55:0.09|56:0.90|60:0.97|63:0.21|65:0.24|68:0.71|69:0.93|72:0.96|74:0.54|75:0.64|77:0.53|82:0.90|83:0.15|84:0.37|90:0.67|93:0.77|96:0.11|97:0.97|100:0.63|185:0.35|270:0.29|735:0.20|821:0.76|2370:0.22|2528:0.74|6822:0.93|13585:0.49|123682:0.09|287981:0.83|4060140:0.00|7865154:0.99
29|1:0.38|6:0.92|10:0.43|11:0.12|14:0.20|15:0.03|20:0.24|22:0.13|23:0.28|26:0.23|28:0.88|33:0.10|36:0.35|37:0.99|39:0.40|40:0.45|41:0.11|42:0.43|43:0.89|45:0.92|47:0.04|48:0.32|49:0.93|51:0.74|58:0.63|63:0.18|66:0.00|70:0.83|71:0.47|72:0.16|73:0.43|79:0.82|81:0.95|84:0.00|88:0.31|89:0.96|90:0.47|91:0.17|92:0.39|97:0.65|100:0.90|735:0.38|821:0.16|2528:0.69|6822:0.19|7830:0.06|13585:0.76|123682:0.38|211190:0.11|287981:0.31|1016411:0.63|7865154:0.04
30|1:0.38|4:0.93|5:0.85|8:0.73|9:0.02|11:0.99|15:0.66|19:0.57|21:0.35|22:0.41|23:0.93|24:0.11|25:0.87|28:0.53|29:0.90|30:0.57|33:0.92|36:0.57|37:0.43|43:0.18|44:0.87|45:0.76|46:0.95|47:0.12|51:0.14|53:0.41|54:0.39|56:0.52|59:0.03|60:0.36|63:0.75|65:0.29|69:0.08|70:0.05|71:0.36|72:0.08|74:0.69|82:0.25|89:0.73|90:0.02|93:0.87|98:0.61|99:0.10|2370:0.19|6822:0.85|7830:0.61|13585:0.19|123682:0.93|287981:0.58|1016411:0.92|1449654:0.05|1642490:0.87|2178321:0.95|4060140:0.55|7865154:0.92
31|4:0.38|5:0.82|6:0.21|7:0.47|8:0.30|10:0.93|13:0.36|15:0.41|19:0.39|22:0.22|24:0.96|25:0.34|27:0.11|28:0.56|32:0.06|34:0.47|36:0.18|37:0.81|38:0.86|41:0.78|42:0.18|44:0.36|46:0.41|48:0.49|53:0.23|54:0.79|55:0.82|60:0.42|65:0.93|67:0.46|68:0.94|70:0.62|71:0.64|72:0.11|76:0.28|77:0.13|78:0.35|79:0.26|82:0.40|85:0.52|86:0.05|90:0.16|91:0.69|96:0.83|98:0.51|100:0.29|185:0.65|270:0.87|2370:0.19|6822:0.13|7830:0.01|13585:0.94|123682:0.32|1642490:0.50|2178321:0.30|4060140:0.52|7865154:0.09|9383788:0.52
32|2:1.00|3:0.99|4:0.63|5:0.04|6:0.33|9:0.18|10:0.51|13:0.57|14:0.78|16:0.02|17:0.55|20:0.71|21:0.92|22:0.73|23:0.37|28:0.36|30:0.38|36:0.65|37:0.51|38:0.19|40:0.28|43:0.27|45:0.20|46:0.65|47:0.37|48:0.08|51:0.65|52:0.48|55:0.72|56:0.97|58:0.22|59:0.78|60:0.14|62:0.48|63:0.89|65:0.31|68:0.65|69:0.81|70:0.49|71:0.35|72:0.52|73:0.58|76:0.74|79:0.09|81:0.04|82:0.02|84:0.22|85:0.82|86:0.15|87:0.89|88:0.02|91:0.64|92:0.23|97:0.71|99:0.77|100:0.14|185:0.00|270:0.45|735:0.02|2528:0.59|123682:0.12|211190:0.95|252311:0.36|287981:0.74|1449654:0.27|1642490:0.73|2178321:0.41|4060140:0.43
33|2:0.70|3:0.91|4:0.56|6:0.16|7:0.87|15:0.98|21:0.33|22:0.30|25:0.26|26:0.25|27:0.67|29:0.88|36:0.85|37:0.38|40:0.07|41:0.90|43:0.65|44:0.39|47:0.26|49:0.29|52:0.91|53:0.93|54:0.45|58:0.60|59:0.31|60:0.41|61:0.20|62:0.57|65:0.52|67:0.54|68:0.57|69:0.12|71:0.94|74:0.56|75:0.31|77:0.93|79:0.15|81:0.44|82:0.28|84:0.48|85:0.61|86:0.54|88:0.80|89:0.41|91:0.17|92:0.93|93:0.83|96:0.74|98:0.35|99:0.45|100:0.20|185:0.17|735:0.57|821:0.98|2370:0.16|2528:0.99|6822:0.17|7830:0.32|13585:0.98|211190:0.18|252311:0.41|287981:0.91|9383788:0.95
34|1:0.29|2:0.52|3:1.00|4:0.49|5:0.11|9:0.41|11:0.87|21:0.73|22:0.44|23:0.46|25:0.69|26:0.57|27:0.20|28:0.15|29:0.13|32:0.31|35:0.13|38:0.98|39:0.46|43:0.79|46:0.04|47:0.32|48:0.10|49:0.22|51:0.87|53:0.65|55:0.27|56:0.60|59:0.68|62:0.68|63:0.18|66:0.03|70:0.57|72:0.74|73:0.39|74:0.97|75:0.20|82:0.24|83:0.99|84:0.44|87:0.93|88:0.15|89:0.28|90:0.44|91:0.49|92:0.83|96:0.79|97:0.96|100:0.08|270:0.98|735:0.89|2370:0.73|2528:0.53|7830:0.65|252311:0.94|1016411:0.23|1449654:0.78|4060140:0.07|7865154:0.75|9383788:0.70
35|1:0.09|3:0.71|4:0.55|5:0.04|8:0.42|9:0.74|11:0.85|13:0.37|16:0.34|17:0.81|21:0.46|23:0.11|25:0.37|28:0.91|29:0.89|30:0.90|33:0.96|35:0.75|37:0.70|38:0.57|41:0.40|42:0.62|43:0.51|45:0.83|46:0.95|53:0.62|60:0.11|61:0.18|62:0.38|65:0.15|66:0.44|67:0.36|68:0.52|69:0.05|70:0.82|71:0.99|72:0.26|74:0.52|79:0.74|82:0.43|83:0.46|85:0.24|86:0.11|87:0.01|89:0.19|90:0.58|99:0.89|735:0.84|821:0.68|211190:0.13|252311:0.61|1016411:0.91|1642490:0.39|2178321:0.70|7865154:0.85|9383788:0.60
36|4:0.37|9:0.49|10:0.41|14:0.57|15:0.57|16:0.45|20:0.03|21:0.60|23:0.68|26:0.90|29:0.98|30:0.63|33:0.35|35:0.06|36:0.28|37:0.21|39:0.29|40:0.24|43:0.27|44:0.95|45:0.32|47:0.63|51:0.83|53:0.37|55:0.68|56:0.04|58:0.80|60:0.04|63:0.47|68:0.19|70:0.46|71:0.78|72:0.84|78:0.17|82:0.83|84:0.22|85:0.26|86:0.72|87:0.67|91:0.84|93:0.78|735:0.07|821:0.08|2370:0.18|2528:0.61|7830:0.31|13585:0.22|123682:0.11|211190:0.41|287981:0.48|1016411:0.10|1642490:0.70|2178321:0.29|4060140:0.37|7865154:0.18
37|7:0.14|9:0.09|13:0.90|15:0.53|16:0.24|19:0.59|21:0.87|23:0.50|26:0.09|29:0.70|30:0.38|36:0.34|40:0.94|42:0.34|45:0.11|48:0.06|52:0.45|54:0.20|56:0.45|59:0.05|60:0.94|61:0.77|62:0.41|65:0.21|66:0.83|68:0.98|69:0.77|71:0.75|72:0.54|73:0.33|74:0.80|75:0.34|77:0.20|78:0.05|81:0.85|82:0.08|84:0.96|86:0.01|87:0.69|88:0.64|89:0.75|91:0.01|92:0.56|93:0.71|98:0.30|270:0.77|6822:0.29|7830:0.59|13585:0.93|123682:0.17|211190:0.00|287981:0.14|1016411:0.15|4060140:0.56|7865154:0.82
38|3:0.49|5:0.84|6:0.74|8:0.75|13:0.86|15:0.36|19:0.41|21:0.56|22:0.39|25:0.53|26:0.56|27:0.50|28:0.35|29:0.98|33:0.75|34:0.46|35:0.57|36:0.83|40:0.34|46:0.12|48:0.64|51:0.98|53:0.87|55:0.47|56:0.06|58:0.43|59:0.78|60:0.16|61:0.55|62:0.97|65:0.67|69:0.01|73:0.97|79:0.39|82:0.49|90:0.71|91:0.76|93:0.57|96:0.82|99:0.23|100:0.28|185:0.56|735:0.27|821:0.82|6822:0.78|13585:0.10|123682:0.83|211190:0.73|252311:0.51|287981:0.85|2178321:0.20|9383788:0.13
39|1:0.47|2:0.94|3:0.16|5:0.70|6:0.71|7:0.79|13:0.01|14:0.11|17:0.22|21:0.99|24:0.01|25:0.97|27:0.56|28:0.78|29:0.12|33:0.33|34:0.86|35:0.35|36:0.04|39:0.94|41:0.73|43:0.27|44:0.45|45:0.86|46:0.97|48:0.17|51:0.56|55:0.75|56:0.37|58:0.89|59:0.90|61:0.35|66:0.79|68:0.48|72:0.77|81:0.61|82:0.79|85:0.27|89:0.29|90:0.88|91:0.62|92:0.32|98:0.91|99:0.36|735:0.99|821:0.45|211190:0.36|252311:0.11|287981:0.91|2178321:0.05|7865154:0.87
40|1:0.22|4:0.47|5:0.21|9:0.71|16:0.77|17:0.17|20:0.39|26:0.65|29:0.56|30:0.40|35:0.51|36:0.30|37:0.58|39:0.37|40:0.92|42:0.85|44:0.33|45:0.94|47:0.17|48:0.88|51:0.66|53:0.58|56:0.91|58:0.29|61:0.40|62:0.02|66:0.49|72:0.87|74:0.96|75:0.07|76:0.65|77:0.05|81:0.19|84:0.84|85:0.55|86:0.24|88:0.83|96:0.21|97:0.10|98:0.83|99:0.37|185:0.33|270:0.03|735:0.08|2370:0.54|6822:0.91|13585:0.55|123682:0.48|252311:0.65|2178321:0.96|7865154:0.70
41|2:0.13|3:0.11|4:0.78|7:0.73|10:0.28|11:0.15|15:0.44|16:0.53|17:0.61|24:0.11|25:0.32|26:0.78|28:0.80|29:0.02|30:0.20|32:0.86|33:0.52|37:0.95|38:0.25|39:0.11|45:0.50|48:0.94|53:0.32|54:0.28|55:0.79|58:0.02|59:0.76|61:0.84|63:0.36|70:0.54|79:0.51|82:0.15|83:0.76|86:0.42|90:0.94|92:0.54|97:0.41|185:0.70|735:0.86|2528:0.46|7830:0.37|13585:0.23|123682:0.68|252311:0.14|287981:0.18|4060140:0.12|9383788:0.65
42|1:0.95|7:0.24|8:0.64|9:0.80|10:1.00|15:0.65|16:0.88|17:0.72|24:0.06|26:0.16|27:0.29|29:0.43|33:0.18|36:0.42|39:0.20|41:0.29|42:0.50|43:0.12|44:0.27|48:0.35|49:0.28|51:0.01|52:0.50|54:0.67|55:0.63|58:0.32|59:0.92|60:0.01|61:0.25|65:0.53|66:0.58|67:0.67|68:0.38|71:0.47|72:0.80|73:0.39|74:0.94|75:0.61|76:0.21|77:0.52|84:0.87|89:0.20|91:0.60|92:0.17|96:0.36|97:0.76|100:0.62|185:0.62|270:0.46|735:0.84|2528:0.46|123682:0.07|252311:0.42
43|1:0.28|2:0.30|4:0.76|5:0.15|6:0.36|10:0.19|11:0.17|13:0.39|15:0.68|17:0.27|19:0.36|22:0.65|26:0.73|27:0.15|28:0.61|30:0.01|32:0.55|36:0.08|38:0.51|40:0.93|41:0.84|42:0.22|45:0.07|47:0.96|49:0.27|51:0.03|54:0.40|55:0.94|60:0.18|63:0.28|67:0.05|72:0.71|73:0.32|75:0.80|76:0.05|78:0.15|79:0.17|82:0.76|85:0.92|86:0.65|88:0.46|89:0.67|90:0.24|91:0.67|93:0.78|96:0.47|99:0.44|270:0.91|821:0.95|2528:0.87|123682:0.27|252311:0.60|287981:0.24|2178321:0.63|9383788:0.06
44|1:0.47|4:0.58|5:0.24|7:0.90|8:0.39|11:0.97|13:0.66|14:0.18|19:0.03|22:0.52|24:0.22|25:0.36|26:0.12|33:0.33|34:0.99|35:0.54|38:0.99|39:0.62|40:0.58|41:0.09|42:0.63|43:0.76|44:0.45|47:0.02|48:0.73|52:0.51|53:0.05|58:0.88|60:0.40|62:0.27|65:0.23|67:0.83|70:0.11|74:0.30|83:0.89|85:0.48|86:0.41|88:0.46|90:0.12|93:0.02|96:0.23|100:0.09|270:0.18|2528:0.15|6822:0.78|13585:0.82|123682:0.50|211190:0.80|1016411:0.77|1449654:0.99|1642490:0.91|2178321:0.37|7865154:0.49
45|2:0.54|4:0.67|5:0.26|6:0.27|7:0.97|8:0.26|13:0.80|15:0.83|20:0.78|21:0.81|23:0.93|28:0.56|30:0.43|32:0.78|34:0.72|35:0.58|37:0.65|39:0.74|43:0.77|46:0.34|47:0.27|51:0.68|52:0.81|54:0.43|56:0.56|61:0.26|62:0.05|63:0.89|67:0.27|70:0.32|72:0.96|74:0.30|79:0.24|81:0.27|88:0.85|89:0.34|92:0.54|96:0.87|97:0.21|98:0.32|99:0.29|821:0.38|2370:1.00|2528:0.78|6822:0.59|13585:0.82|123682:0.78|211190:0.84|252311:0.11|1449654:0.62|1642490:0.42
46|1:0.05|2:0.96|5:0.23|6:0.48|7:0.23|8:0.27|10:0.65|14:0.56|19:0.04|20:0.81|21:0.51|23:0.38|26:0.57|29:0.47|32:0.81|33:0.72|34:0.75|39:0.22|42:0.96|46:0.05|48:0.13|51:0.62|53:0.52|55:0.05|56:0.18|58:0.28|59:0.89|62:0.14|63:0.08|65:0.72|66:0.11|68:0.13|70:0.82|72:0.35|73:0.99|74:0.85|77:0.35|78:0.60|79:0.07|81:0.77|83:0.44|84:0.47|86:0.91|88:0.81|90:0.65|91:0.17|96:0.52|97:0.88|98:0.79|99:0.23|100:0.74|7830:0.33|123682:0.61|287981:0.95|4060140:0.51|9383788:0.44
47|8:0.19|9:0.06|10:0.90|15:0.43|16:0.08|21:0.62|22:0.59|23:0.17|25:0.96|26:0.12|27:0.07|33:0.04|37:0.67|41:0.32|43:0.98|44:0.95|45:0.91|46:0.60|48:0.37|49:0.26|51:0.93|52:0.74|55:0.54|56:0.95|58:0.71|59:0.19|67:0.41|73:0.23|76:0.43|81:0.96|82:0.32|84:0.39|85:0.02|86:0.41|87:0.28|88:0.23|91:0.88|96:0.63|99:0.66|100:0.22|735:0.82|2528:0.16|6822:0.46|13585:0.39|123682:0.23|211190:0.39|252311:0.28|287981:0.10|1449654:0.79|2178321:0.32|9383788:0.61
48|1:0.69|2:0.78|4:0.07|6:0.25|8:0.81|10:0.09|11:0.62|13:0.95|14:0.95|15:0.63|16:0.80|20:0.45|24:0.38|26:0.21|28:0.04|30:0.07|36:0.90|38:0.89|39:0.07|44:0.17|47:0.51|49:0.76|51:0.02|52:0.44|54:0.13|58:0.92|62:0.28|66:0.67|67:0.96|70:0.67|75:0.10|77:0.43|79:0.02|81:0.87|82:0.12|83:0.06|84:0.96|86:0.10|87:0.96|88:0.63|91:0.62|97:0.59|185:0.69|6822:0.92|13585:0.49|1449654:0.77|4060140:0.96|7865154:0.68
49|4:0.06|5:0.13|8:0.87|10:0.58|11:0.96|15:0.85|16:0.93|21:0.72|27:0.88|28:0.29|30:0.06|33:0.45|34:0.71|35:0.02|36:0.23|38:0.78|40:0.08|42:0.10|43:0.64|46:0.56|47:0.45|48:0.99|52:0.50|54:0.95|56:0.52|59:0.54|60:0.76|62:0.14|63:0.60|68:0.61|73:0.09|74:0.61|76:0.54|77:0.20|78:0.12|79:0.14|84:0.58|85:0.75|86:0.97|87:0.64|88:0.95|89:0.92|90:0.39|92:0.05|100:0.83|270:0.61|2370:0.90|2528:0.84|6822:0.95|7830:0.23|123682:0.06|211190:0.15|287981:0.91|1449654:0.72|1642490:0.26|2178321:0.01|4060140:0.74
50|3:0.60|5:0.76|7:0.57|8:0.83|9:0.73|10:0.46|13:0.24|14:0.18|17:0.09|22:0.82|23:0.57|24:0.04|28:0.40|30:0.00|32:0.46|33:0.89|34:0.45|35:0.93|38:0.13|40:0.78|42:0.86|43:0.65|48:0.74|51:0.21|52:0.91|56:0.72|58:0.03|59:0.37|61:0.97|62:0.41|63:0.59|65:0.68|66:0.33|67:0.37|68:0.04|74:0.91|75:0.02|78:0.41|79:0.41|84:0.35|85:0.56|86:0.38|87:0.04|88:0.37|89:0.66|93:0.42|97:0.70|98:0.54|270:0.61|735:0.58|821:0.82|7830:1.00|13585:0.25|123682:0.08|211190:0.97|252311:0.19|287981:0.34|1642490:0.50|2178321:0.64|4060140:0.35|9383788:0.14
51|1:0.50|3:0.93|4:0.20|9:0.13|10:0.54|13:0.77|14:0.45|21:0.23|22:0.80|23:0.10|24:0.63|25:0.10|26:0.37|28:0.58|29:0.07|30:0.65|33:0.63|34:0.83|37:0.54|44:0.53|46:0.65|48:0.19|49:0.09|52:0.37|53:0.91|58:0.69|60:0.06|61:0.41|62:0.50|65:0.35|66:0.76|67:0.56|72:0.81|75:0.90|78:0.39|81:0.82|82:0.70|83:0.73|84:0.04|85:0.17|86:0.31|89:0.99|90:0.02|92:0.91|93:0.92|97:0.07|99:0.99|100:0.21|185:0.71|821:0.57|2528:0.10|6822:0.15|7830:0.63|13585:0.42|123682:0.72|1642490:0.41|2178321:0.07|4060140:0.93
52|1:0.57|4:0.93|6:0.65|7:0.15|13:0.72|16:0.29|19:0.33|20:0.76|22:0.21|23:0.16|25:0.23|26:0.91|27:0.47|28:0.33|36:0.86|37:0.28|38:0.30|40:0.68|45:0.29|46:0.47|49:0.25|52:0.13|53:0.23|54:0.20|55:0.27|58:0.63|61:0.22|63:0.97|66:0.49|68:0.44|70:0.04|72:0.38|73:0.15|75:0.80|79:0.61|81:0.70|83:0.41|86:0.03|87:0.51|91:0.81|92:0.57|93:0.01|99:0.86|100:0.43|270:0.55|735:0.24|2528:0.86|6822:0.88|123682:0.01|211190:0.68|287981:0.75|2178321:0.98|7865154:0.66|9383788:0.94
53|1:0.11|3:0.33|5:0.25|7:0.27|8:0.39|11:0.09|14:0.92|15:0.69|23:0.49|25:0.79|26:0.83|27:0.18|28:0.71|29:0.11|32:0.15|34:0.29|35:0.44|36:0.30|37:0.46|39:0.03|41:0.69|45:0.43|48:0.77|49:0.74|53:0.51|55:0.95|59:0.63|60:0.69|61:0.37|62:0.50|65:0.33|67:0.18|69:0.76|71:0.90|72:0.81|73:0.34|74:0.54|76:0.98|77:0.88|78:0.60|83:0.07|86:0.06|87:0.27|89:0.15|92:0.15|93:0.27|96:0.37|97:0.40|98:0.03|100:0.16|185:0.06|735:0.22|821:0.01|2528:0.66|6822:0.07|7830:0.54|13585:0.34|252311:0.30|1016411:0.38|1642490:0.04|2178321:0.87|4060140:0.19
54|2:0.02|3:0.09|7:0.18|8:0.37|9:0.35|13:0.63|19:0.72|23:0.41|25:0.56|26:0.79|28:0.74|29:0.09|32:0.64|35:0.36|40:0.50|41:0.95|45:0.27|51:0.53|53:0.68|55:0.45|56:0.28|58:0.91|59:0.54|62:0.32|65:0.89|66:0.31|69:0.29|70:0.33|71:0.62|72:0.19|75:0.50|77:0.05|81:0.32|83:0.13|85:0.58|86:0.77|89:0.56|91:0.50|96:0.74|270:0.61|735:0.14|821:0.99|13585:0.19|123682:0.17|1016411:0.49|1642490:0.31|2178321:0.78
55|1:0.86|6:0.94|10:0.11|11:0.69|16:0.40|17:0.23|22:0.23|23:0.52|25:0.93|27:0.12|33:0.70|36:0.54|37:0.26|39:0.81|40:0.39|41:0.86|42:0.69|43:0.43|45:0.31|46:0.53|48:0.52|49:0.95|53:0.41|54:0.44|55:0.24|56:0.48|58:0.87|61:0.69|70:0.13|71:0.64|74:0.85|75:0.44|81:0.29|83:0.87|85:0.99|89:0.28|90:0.04|93:0.85|96:0.79|97:0.44|99:0.60|185:0.36|270:1.00|821:0.02|2370:0.21|7830:0.56|211190:0.44|287981:0.14|1449654:0.99|7865154:0.50
56|1:0.56|4:0.74|8:0.18|11:0.59|13:0.77|16:0.80|17:0.90|21:0.87|24:0.02|26:0.72|28:0.74|29:0.61|33:0.38|34:0.62|38:0.24|40:0.12|42:0.24|43:0.26|44:0.26|48:0.61|51:0.06|53:0.85|54:0.69|59:0.96|63:0.41|65:0.27|66:0.20|68:0.17|70:0.69|77:0.21|81:0.93|84:0.22|86:0.04|89:0.66|91:0.27|92:0.09|96:0.70|97:0.93|100:0.29|6822:0.74|13585:0.22|211190:0.25|287981:0.87|1016411:0.42|1449654:0.29|1642490:0.06|7865154:0.94|9383788:0.86
57|1:0.75|4:0.20|6:0.05|7:0.76|8:0.65|14:0.67|17:0.24|20:0.36|24:0.06|28:0.19|36:0.67|37:0.42|40:0.25|41:0.05|44:0.49|47:0.14|49:0.60|52:0.42|54:0.96|55:0.74|56:0.27|61:0.77|63:0.21|65:0.90|68:0.58|69:0.15|70:0.59|73:0.13|77:0.90|78:0.64|79:0.32|83:0.88|84:0.10|85:0.72|86:0.68|87:0.15|88:0.24|89:0.98|90:0.53|91:0.70|93:0.80|99:0.72|100:0.70|735:0.19|821:0.75|2370:0.21|13585:0.30|252311:0.59|287981:0.39|1016411:0.45|7865154:0.41
58|2:0.89|3:0.63|5:0.55|6:0.88|7:0.97|8:0.94|10:0.65|19:0.64|26:0.94|27:0.70|28:0.25|35:0.50|37:0.62|38:0.51|42:0.36|45:0.20|46:0.43|49:0.04|51:0.95|52:0.09|53:0.20|55:0.27|56:0.67|70:0.10|74:0.12|77:0.35|79:0.55|82:0.02|83:0.69|85:0.83|89:0.91|91:0.51|96:0.05|98:0.26|100:0.93|270:0.04|2370:0.77|7830:0.38|13585:0.62|123682:0.85|252311:0.79|1449654:0.49|1642490:0.63|2178321:0.95|4060140:0.02|7865154:0.08
59|2:0.75|4:0.59|7:0.42|10:0.04|11:0.29|13:0.66|14:0.11|15:0.87|17:0.15|20:0.85|22:0.98|25:0.56|26:0.21|27:0.40|29:0.42|30:0.09|34:0.17|38:0.25|40:0.15|41:0.63|42:0.43|43:0.91|44:0.00|46:0.29|49:0.81|51:0.86|55:0.23|56:0.29|59:0.25|60:0.99|61:0.70|63:0.22|65:0.10|68:0.27|69:0.58|70:0.76|72:0.67|73:0.08|75:0.41|77:0.07|83:0.21|85:0.14|87:0.06|89:0.42|91:0.52|92:0.80|93:0.54|97:0.01|100:0.13|270:0.06|821:0.74|2370:0.47|2528:0.61|123682:0.47|252311:0.12|1016411:0.94|2178321:0.97
60|1:0.74|2:0.96|8:0.08|9:0.82|11:0.09|13:0.98|21:0.59|22:0.77|24:0.64|28:0.11|32:0.34|33:0.24|34:0.80|36:0.28|44:0.85|47:1.00|51:0.35|52:0.65|54:0.38|58:0.89|60:0.68|61:0.49|63:0.58|65:0.82|66:0.39|67:0.88|71:0.38|72:0.17|73:0.72|75:0.29|76:0.83|78:0.44|84:0.49|85:0.56|86:0.23|87:0.37|89:0.94|100:0.79|185:0.27|735:0.14|2370:0.68|2528:0.98|6822:0.25|13585:0.02|123682:0.99|287981:0.75|1449654:0.90|2178321:0.62|9383788:0.54
61|2:0.73|3:0.90|5:0.49|14:0.35|16:0.03|17:0.02|19:0.73|20:0.64|22:0.54|24:0.22|25:0.98|26:0.16|27:0.65|28:0.41|29:0.91|30:0.68|33:0.67|34:0.22|35:0.04|36:0.53|38:0.71|39:0.14|41:0.09|42:0.09|43:0.74|44:0.24|46:0.51|48:0.24|51:0.69|54:0.11|61:0.19|62:0.93|65:0.17|67:0.26|69:0.36|70:0.52|72:0.66|74:0.67|75:0.03|82:0.47|85:0.71|86:0.39|87:0.20|91:0.49|93:0.71|96:0.06|97:0.79|6822:0.00|13585:0.97|123682:0.26|1016411:0.28|1449654:0.35|1642490:0.27|2178321:0.84|4060140:0.17|7865154:0.10|9383788:0.88
62|1:0.29|4:0.77|6:0.06|8:0.53|10:0.75|11:0.57|15:0.63|16:0.57|17:0.19|19:0.85|20:0.27|21:0.33|22:0.38|24:0.72|28:0.32|29:0.85|30:0.48|32:0.13|34:0.76|35:0.81|37:0.49|38:0.05|39:0.76|40:0.34|43:0.14|45:0.51|46:0.03|49:0.05|53:0.73|54:0.30|58:0.70|60:0.91|63:0.91|66:0.87|67:0.34|69:0.92|70:0.42|71:0.32|72:0.27|74:0.61|76:0.11|77:0.53|81:0.63|82:0.39|83:0.67|84:0.40|85:0.21|87:0.24|88:0.53|90:0.68|91:0.25|92:0.56|96:0.02|97:0.03|98:0.64|100:0.02|185:0.81|270:0.95|6822:0.52|7830:0.87|13585:0.73|123682:0.01|287981:0.39|2178321:0.35
63|6:0.15|8:0.84|9:0.47|10:0.60|13:0.29|14:0.05|15:0.27|17:0.80|19:0.30|20:0.02|21:0.27|22:0.04|24:0.22|25:0.76|26:0.76|27:0.56|28:0.99|29:0.84|32:0.88|33:0.88|39:0.16|42:0.98|43:0.87|44:0.07|46:0.64|49:0.72|51:0.99|52:0.25|53:0.13|55:0.89|56:0.30|58:0.98|62:0.93|63:0.97|66:0.59|67:0.29|70:0.06|71:0.28|72:0.35|74:0.30|76:0.92|77:0.27|79:0.07|83:0.19|86:0.22|87:0.04|89:0.21|91:0.62|93:0.74|97:0.29|99:0.41|735:0.95|6822:0.75|7830:0.84|13585:0.50|252311:0.48|1449654:0.29|1642490:0.46|2178321:0.55|7865154:0.59|9383788:0.17
64|1:0.33|3:0.23|4:0.97|5:0.72|6:0.16|7:0.01|10:0.97|14:0.37|15:0.47|20:0.71|21:0.91|26:0.31|27:0.21|28:0.44|32:0.52|33:0.71|34:0.18|38:0.17|42:0.92|44:0.17|45:0.88|46:0.32|47:0.55|48:0.22|52:0.38|59:0.89|69:0.16|75:0.24|81:0.52|83:0.36|84:0.46|86:0.95|87:0.94|92:0.72|96:0.04|100:0.93|185:0.46|735:0.16|821:0.78|2370:0.68|6822:0.80|123682:0.48|211190:0.40|252311:0.76|2178321:0.33|4060140:0.85|7865154:0.67
65|2:0.13|3:0.07|4:0.15|5:0.83|11:0.62|14:0.91|15:0.72|19:0.05|21:0.54|23:0.65|24:0.22|26:0.18|27:0.63|29:0.27|30:0.29|33:0.66|34:0.28|35:0.87|36:0.39|39:0.25|40:0.73|41:0.79|42:0.52|44:0.34|45:0.02|47:0.09|48:0.04|49:0.35|54:0.33|56:0.97|61:0.05|63:0.80|68:0.44|69:0.02|71:0.88|72:0.21|76:0.55|79:0.20|83:0.74|84:0.57|85:0.54|88:0.02|89:0.93|91:0.54|92:0.86|93:0.16|96:0.06|185:0.57|735:0.32|821:0.32|2370:0.67|1642490:0.61|4060140:0.20|9383788:0.26
66|1:0.94|3:0.35|4:0.05|7:0.75|8:0.95|9:0.88|10:0.46|11:0.52|16:0.51|17:0.92|20:0.16|22:0.52|23:0.52|28:0.07|29:0.35|32:0.06|38:0.95|39:0.85|41:0.74|43:0.90|44:0.81|45:0.52|47:0.43|48:0.36|49:0.39|52:0.05|54:0.93|56:0.94|59:0.67|62:0.60|65:0.00|67:0.26|69:0.20|71:0.96|75:0.06|77:0.20|78:0.23|81:0.62|84:0.66|86:0.23|88:0.65|90:0.10|97:0.90|98:0.67|99:0.87|100:0.42|185:0.79|2528:0.55|6822:0.38|7830:0.59|13585:0.21|211190:0.55|252311:0.41|1016411:0.30|1449654:0.46|2178321:0.60|4060140:0.51|7865154:0.36
67|1:0.39|2:0.58|3:0.05|4:0.70|6:0.75|7:0.78|8:0.31|9:0.85|11:0.56|13:0.22|14:0.06|15:0.60|20:0.60|22:0.18|23:0.88|26:0.69|28:0.26|29:1.00|30:0.66|34:0.55|35:0.57|36:0.62|39:0.16|40:0.53|41:0.47|42:0.51|45:0.35|46:0.43|53:0.81|59:0.20|60:0.44|71:0.44|77:0.12|79:0.02|82:0.98|83:0.45|86:0.73|87:0.28|91:0.05|92:0.86|96:0.86|99:0.26|100:0.60|185:0.79|2370:0.91|252311:0.50|287981:0.48|7865154:0.95
68|1:0.58|3:0.16|5:0.46|7:0.45|13:0.24|16:0.40|17:0.38|20:0.14|21:0.77|22:0.21|23:0.35|24:0.39|27:0.16|29:0.63|30:0.17|32:0.17|35:0.93|36:0.75|39:0.55|41:0.21|43:0.77|51:0.38|56:0.65|58:0.35|61:0.22|67:0.14|68:0.16|70:0.77|72:0.40|73:0.07|77:0.75|79:0.83|82:0.85|83:0.36|87:0.55|90:0.11|96:0.64|98:0.02|99:0.19|100:0.76|185:0.79|735:0.44|821:0.11|2370:0.77|2528:0.27|6822:0.39|7830:0.17|123682:0.74|287981:0.62|1016411:0.66|2178321:0.45|7865154:0.86|9383788:0.06
69|1:0.29|2:0.35|4:0.90|5:0.49|7:0.53|8:0.09|10:0.29|11:0.31|14:0.02|15:0.59|19:0.39|20:0.06|22:0.48|23:0.50|26:0.85|27:0.65|28:0.39|29:0.97|33:0.13|34:0.92|38:0.62|42:0.54|43:0.87|44:0.52|46:0.09|49:0.37|53:0.89|54:0.44|58:0.67|61:0.41|62:0.87|63:0.98|65:0.04|66:0.36|67:0.57|68:0.28|69:0.59|70:0.66|72:0.88|74:0.51|75:0.76|76:0.22|86:0.45|88:0.82|90:0.90|91:0.36|93:0.72|96:0.55|97:0.81|98:0.64|185:0.84|270:0.26|735:0.93|821:0.82|6822:0.01|7830:0.61|123682:0.85|211190:0.50|1016411:0.70|1449654:0.61|1642490:0.76|4060140:0.02
70|4:0.59|6:0.30|7:0.42|10:0.79|13:0.23|14:0.22|17:0.34|19:0.66|21:0.84|25:0.69|27:0.76|30:0.24|33:0.07|34:0.86|36:0.63|37:0.07|38:0.90|39:0.76|43:0.69|44:0.70|45:0.29|47:0.51|48:0.67|52:0.97|54:0.59|56:0.78|58:0.26|59:0.07|62:0.57|63:0.16|65:0.34|66:0.91|68:0.25|70:0.55|71:0.20|72:0.18|78:0.93|82:0.75|83:0.74|84:0.47|85:0.80|88:0.34|91:0.30|92:0.24|96:0.93|97:0.78|99:0.45|100:0.27|185:0.07|735:0.07|2528:0.68|6822:0.90|211190:0.98|252311:0.69|1449654:0.31|2178321:0.19|7865154:0.59|9383788:0.02
71|5:0.55|6:0.69|10:0.33|13:0.65|14:0.24|17:0.27|20:0.59|28:0.34|29:0.54|32:0.05|33:0.42|34:0.73|35:0.31|36:0.11|37:0.25|40:0.55|42:0.67|43:0.75|45:0.03|46:0.73|48:0.84|49:0.17|52:0.82|54:0.37|55:0.61|58:0.29|59:0.53|60:0.96|61:0.24|62:0.11|65:0.26|69:0.82|70:0.81|72:0.80|73:0.16|74:0.90|76:0.99|77:0.25|78:0.03|79:0.46|81:0.78|82:0.24|83:0.22|84:0.68|85:0.55|87:0.52|89:0.24|90:0.20|91:0.05|92:0.99|93:0.66|96:0.62|97:0.92|98:0.54|99:0.28|100:0.38|2370:0.52|6822:0.77|9383788:0.83
72|2:0.50|3:0.84|5:0.09|6:0.66|8:0.18|10:0.75|14:0.97|16:0.63|19:0.15|20:0.77|21:0.95|22:0.29|23:0.35|24:0.54|26:0.23|29:0.30|30:0.19|36:0.12|37:0.12|38:0.37|40:0.86|41:0.21|44:0.53|46:0.29|47:0.81|51:0.39|52:0.62|55:0.26|56:0.02|60:0.97|63:0.17|65:0.20|66:0.60|67:0.95|69:0.00|71:0.01|72:0.75|74:0.08|81:0.33|82:0.69|85:0.60|86:0.18|87:0.14|90:0.40|91:0.43|92:0.93|93:0.01|96:0.94|97:0.29|735:0.41|2528:0.92|6822:0.46|252311:0.22|1016411:0.67|4060140:0.46|7865154:0.20|9383788:0.63
73|3:0.33|4:0.15|5:0.78|7:0.25|10:0.02|13:0.59|15:0.25|19:0.89|21:0.85|23:0.78|24:0.38|25:0.17|29:0.31|30:0.58|32:0.14|33:0.48|34:0.16|36:0.57|38:0.33|39:0.07|40:0.76|42:0.57|43:0.45|46:0.58|48:0.51|54:0.57|55:0.04|58:0.70|62:0.96|63:0.10|65:0.84|66:0.11|68:0.85|69:0.30|72:0.70|75:0.87|77:0.81|78:0.93|81:0.88|83:0.01|84:0.11|86:0.10|87:0.21|89:0.43|91:0.03|96:0.76|97:0.16|99:0.77|185:0.25|270:0.00|735:0.32|821:0.64|2370:0.56|7830:0.07|13585:0.30|252311:0.18|287981:0.31|1642490:0.26|2178321:0.60
74|1:0.18|2:0.80|4:0.35|5:0.59|8:0.82|10:0.85|14:0.23|19:0.44|22:0.73|23:0.73|25:0.97|26:0.77|32:0.76|34:0.79|36:0.38|40:0.45|41:0.57|43:0.74|44:0.51|46:0.13|47:0.86|52:0.51|56:0.58|65:0.20|67:0.31|73:0.20|75:0.85|79:0.27|81:0.87|82:0.94|84:0.19|88:0.35|89:0.81|90:0.44|92:0.59|100:0.84|185:0.18|821:0.35|2370:0.89|6822:0.60|13585:0.82|211190:0.15|1016411:0.28|1449654:0.12|1642490:0.71|4060140:0.52|7865154:0.60
75|2:0.95|7:0.04|9:0.59|10:0.46|11:0.17|13:0.65|14:0.62|15:0.62|16:0.14|17:0.25|19:0.91|20:0.96|23:0.78|25:0.94|29:0.57|34:0.52|36:0.47|37:0.34|41:0.89|46:0.03|47:0.58|48:0.34|49:0.90|51:0.32|52:0.65|54:0.95|59:0.03|60:0.76|61:0.78|62:0.83|63:0.13|66:0.63|68:0.26|71:0.80|73:0.73|74:0.56|75:0.32|76:0.08|78:0.35|79:0.41|83:0.18|84:0.23|86:0.02|88:0.73|89:0.78|91:0.91|92:0.25|93:0.90|96:0.35|97:1.00|98:0.25|99:0.84|185:0.57|270:0.63|735:0.84|6822:0.92|7830:0.56|13585:0.72|123682:0.89|211190:0.73|252311:0.27|1449654:0.12|1642490:0.08|2178321:0.00|4060140:0.68|9383788:0.31
76|3:0.61|5:0.85|6:0.23|9:0.66|11:0.34|14:0.93|15:0.62|16:0.17|17:0.26|19:0.87|20:0.73|21:0.64|22:0.76|25:0.56|28:0.42|30:0.97|32:0.28|33:0.49|34:0.35|35:0.83|37:0.62|38:0.52|42:0.13|43:0.35|45:0.54|46:0.78|47:0.47|48:0.10|49:0.96|58:0.67|62:0.06|67:0.58|68:0.23|70:0.58|71:0.71|72:0.21|73:0.93|74:0.14|76:0.82|83:0.11|85:0.78|86:0.95|91:0.28|92:0.44|93:0.79|100:0.60|735:0.76|821:0.24|252311:0.69|287981:0.33|1642490:0.69|4060140:0.83|9383788:0.46
77|2:0.59|3:0.72|4:0.72|5:0.79|7:0.86|10:0.11|13:0.27|15:0.03|19:0.95|21:0.22|22:0.76|24:0.00|26:0.43|27:0.97|32:0.47|34:0.74|37:0.13|38:0.93|39:0.06|40:0.54|41:0.91|43:0.88|44:0.34|48:0.62|49:0.23|53:0.19|55:0.42|63:0.22|65:0.06|67:0.36|70:0.13|71:0.88|78:0.56|84:0.38|85:0.96|89:0.04|93:0.30|100:0.00|185:0.64|735:0.60|2528:0.97|6822:0.52|211190:0.76|287981:0.26|1016411:0.14|4060140:0.09
78|1:0.01|2:0.72|5:0.55|6:0.52|7:0.94|10:0.08|11:0.30|15:0.46|19:0.25|22:0.27|23:0.79|24:0.23|26:0.04|30:0.29|35:0.04|37:0.05|38:0.89|43:0.54|44:0.48|45:0.63|46:0.46|47:0.25|48:0.17|49:0.77|51:0.33|52:0.29|55:0.36|58:0.85|59:0.04|60:0.00|61:0.89|63:0.12|66:0.55|70:0.08|72:0.44|73:0.99|74:0.14|75:0.19|78:0.59|81:0.52|83:0.12|85:0.57|87:0.80|89:0.65|92:0.02|93:0.95|97:0.39|98:0.62|99:0.85|100:0.21|2370:0.34|2528:0.49|7830:0.26|13585:0.81|287981:0.68|1449654:0.44|1642490:0.47|4060140:0.15|9383788:0.40
79|1:0.09|2:0.07|3:0.02|4:0.79|8:0.74|9:0.99|14:0.54|16:0.79|19:0.77|20:0.60|21:0.69|22:0.44|23:0.34|24:0.72|27:0.06|30:0.52|33:0.62|39:0.95|41:0.88|42:0.43|43:0.12|44:0.46|45:0.10|46:0.84|47:0.46|48:0.77|49:0.07|51:0.97|53:0.79|54:0.91|55:0.77|58:0.98|59:0.56|61:0.80|62:0.65|63:0.45|65:0.18|69:0.22|70:0.04|73:0.53|77:0.20|78:0.93|79:0.83|81:0.49|82:0.25|83:0.31|86:0.57|88:0.43|91:0.29|92:0.36|97:0.37|99:0.08|270:0.22|735:0.01|2370:0.03|7830:0.33|13585:0.37|123682:0.12|211190:0.14|1016411:0.47|1449654:0.83|1642490:0.14|2178321:0.18|4060140:0.92|9383788:0.09
80|3:0.78|4:0.18|5:0.00|6:0.32|8:0.50|9:0.62|10:0.57|11:0.79|13:0.26|15:0.89|19:0.63|20:0.04|22:0.69|23:0.72|24:0.54|26:0.83|28:0.90|30:0.13|32:0.52|37:0.25|43:0.74|44:0.58|45:0.22|46:0.92|47:0.90|48:0.28|49:0.51|52:0.62|56:0.92|58:0.08|59:0.01|60:0.49|62:0.21|66:0.79|67:0.41|70:0.86|75:0.10|81:0.23|82:0.82|85:0.26|86:0.42|87:0.28|90:0.22|93:0.62|97:0.16|98:0.68|99:0.49|100:0.01|185:0.49|270:0.44|7830:0.56|123682:0.49|287981:0.08|2178321:0.14|4060140:0.22|7865154:0.80|9383788:0.82
81|6:0.28|7:0.99|8:0.52|9:0.76|13:0.52|14:0.31|16:0.34|22:0.54|24:0.27|26:0.20|30:0.29|32:0.12|33:0.80|34:0.36|35:0.53|39:0.03|42:0.43|48:0.52|49:0.14|51:0.50|53:0.79|56:0.24|59:0.93|60:0.27|63:0.38|65:0.10|66:0.43|67:0.46|71:0.99|72:0.95|73:0.36|75:0.01|76:0.31|77:0.67|79:0.82|83:0.92|84:0.47|85:0.85|86:0.96|87:0.21|89:0.65|90:0.08|91:0.27|92:0.94|97:0.02|98:0.77|99:0.98|100:0.08|185:0.62|13585:0.36|1016411:0.85|1642490:0.88|2178321:0.59|4060140:0.77|7865154:0.62
82|2:0.28|4:0.99|5:0.99|6:0.06|8:0.29|9:0.74|17:0.24|19:0.04|20:0.64|21:0.07|24:0.87|25:0.41|26:0.02|28:0.69|32:0.25|33:0.80|34:0.73|39:0.28|41:0.83|42:0.15|43:0.20|45:0.37|46:0.38|47:0.26|52:0.22|59:0.33|60:0.37|62:0.73|65:0.99|66:0.37|70:0.72|72:0.30|73:0.24|79:0.50|82:0.23|85:0.38|91:0.18|92:0.11|93:0.53|96:0.14|97:0.79|100:0.72|185:0.90|2528:0.46|6822:0.01|7830:0.65|13585:0.13|211190:0.57|1449654:0.32|2178321:0.58|7865154:0.81
83|1:0.75|2:0.46|10:0.01|13:0.40|19:0.56|20:0.18|21:0.67|22:0.85|26:0.21|27:0.76|30:0.15|32:0.73|33:0.60|34:0.80|38:0.44|41:0.61|43:0.42|46:0.78|51:0.11|52:0.26|53:0.62|58:0.52|59:0.41|62:0.59|63:0.62|66:0.45|67:0.39|68:0.39|69:0.78|70:0.27|71:0.88|74:0.73|76:0.97|78:0.93|81:0.20|83:0.51|84:0.86|88:0.56|89:0.43|90:0.32|91:0.02|92:0.33|96:0.45|97:0.89|99:0.03|100:0.04|185:0.92|735:0.05|2528:0.01|252311:0.78|287981:0.86|1016411:0.20|1642490:0.72|4060140:0.05
84|1:0.57|5:0.87|7:0.84|8:0.41|9:0.75|11:0.36|13:0.80|14:0.17|15:0.38|16:0.69|17:0.76|19:0.97|20:0.26|22:0.53|24:0.95|26:0.44|27:0.37|36:0.96|39:0.82|40:0.87|41:0.53|44:0.25|46:0.05|47:0.32|49:0.84|51:0.66|53:0.37|55:0.90|63:0.82|65:0.84|74:0.79|75:0.82|76:0.31|78:0.82|79:0.82|83:0.73|85:0.68|87:0.70|90:0.03|91:0.26|92:0.02|97:0.29|98:0.93|100:0.56|270:0.12|821:0.25|252311:0.46|287981:0.28|9383788:0.34
85|1:0.24|6:0.83|7:0.80|8:0.36|9:0.71|13:0.74|15:0.33|17:0.47|20:0.34|24:0.92|25:0.87|28:0.37|33:0.75|34:0.46|35:0.14|37:0.34|43:0.18|45:0.42|46:0.90|47:0.86|48:0.62|49:0.70|53:0.65|54:0.15|58:0.82|60:0.73|63:0.39|65:0.96|66:0.67|67:0.35|68:0.56|69:0.31|70:0.80|74:0.32|75:0.63|77:0.42|81:0.21|85:0.77|86:0.94|90:0.90|91:0.93|97:0.36|98:0.26|99:0.53|185:0.87|735:0.77|2528:0.52|6822:0.59|13585:0.35|252311:0.57|287981:0.52|1016411:0.39|9383788:0.42
86|3:0.22|4:0.05|6:0.92|7:0.63|11:0.37|14:0.49|16:0.56|17:0.60|19:0.62|23:0.79|25:0.11|26:0.78|28:0.79|29:0.57|32:0.32|33:0.93|36:0.92|39:0.43|40:0.58|41:0.57|43:0.93|44:0.67|45:0.63|46:0.75|47:0.11|49:0.66|51:0.11|54:0.82|55:0.60|56:0.73|58:0.02|59:0.19|61:0.61|62:0.17|63:0.53|65:0.37|72:0.74|73:0.09|75:0.73|78:0.67|81:0.62|82:0.73|86:0.59|87:0.63|89:0.78|91:0.38|93:0.81|98:0.11|99:0.18|100:0.35|185:0.44|270:0.80|821:0.67|2528:0.73|13585:0.27|211190:0.53|287981:0.10|1016411:0.53|1642490:0.42|2178321:0.61|7865154:0.01|9383788:0.57
87|2:0.32|4:0.15|6:0.24|10:0.93|11:0.41|13:0.37|14:0.62|15:0.14|16:0.96|19:0.32|21:0.09|22:0.89|26:0.32|28:0.39|29:0.36|30:0.70|32:0.86|34:0.65|35:0.02|36:0.75|40:0.33|42:0.84|43:0.36|44:0.12|47:0.78|51:0.10|52:0.07|53:0.92|55:0.40|56:0.61|58:0.05|66:0.31|72:0.94|73:0.92|78:0.63|82:0.13|85:0.81|88:0.77|91:0.47|93:0.06|98:0.65|99:0.14|185:0.72|821:0.24|2528:0.18|6822:0.95|13585:0.26|123682:0.48|252311:0.50|287981:0.61|1016411:0.29|1449654:0.06|1642490:0.71|4060140:0.25|7865154:0.26|9383788:0.42
88|1:0.63|2:0.27|5:0.82|8:0.27|16:0.23|17:0.74|20:0.27|23:0.36|27:0.48|28:0.65|33:0.86|34:0.10|35:0.14|37:0.20|39:0.63|40:0.11|41:0.10|43:0.84|46:0.51|47:0.45|49:0.01|51:0.43|52:0.22|58:0.45|60:0.21|61:0.16|66:0.62|67:0.55|68:0.76|69:0.20|72:0.77|73:0.45|74:0.20|76:0.90|77:0.15|78:0.33|83:0.84|85:0.47|86:0.94|87:0.80|100:0.90|185:0.19|270:0.28|735:0.62|821:0.31|2370:0.23|2528:0.83|6822:0.93|252311:0.82|287981:0.84|1016411:0.92|1449654:0.76|4060140:0.63|9383788:0.53
89|2:0.74|3:0.87|5:0.09|6:0.14|10:0.06|11:0.11|13:0.98|16:0.16|24:0.71|25:0.97|28:0.35|34:0.25|35:0.92|37:0.46|39:0.58|42:0.13|44:0.62|52:0.50|53:0.70|54:0.69|55:0.16|59:0.50|62:0.20|63:0.46|65:0.54|75:0.34|76:0.13|82:0.34|83:0.98|84:0.03|85:0.50|87:0.74|88:0.54|91:0.91|92:0.27|93:0.09|97:0.45|100:0.12|185:0.09|821:0.99|2370:0.70|6822:0.84|123682:0.27|252311:0.09|1016411:0.77|1449654:0.26|1642490:0.75|4060140:0.45|9383788:0.03
90|1:0.98|3:0.84|4:0.92|5:0.65|6:0.94|8:1.00|14:0.35|16:0.46|17:0.88|21:0.19|25:0.55|27:0.21|28:0.08|29:0.49|30:0.24|32:0.51|33:0.86|35:0.60|36:0.60|38:0.41|39:0.34|41:0.09|42:0.83|46:0.15|47:0.11|48:0.03|53:0.89|54:0.46|55:0.53|56:0.20|59:0.25|60:0.56|67:0.93|70:0.19|72:0.22|75:0.06|76:0.33|77:0.06|78:0.83|83:0.03|84:0.82|85:0.92|86:0.05|87:0.54|89:0.85|90:0.73|92:0.14|93:0.94|98:0.44|185:0.61|735:0.21|821:0.14|123682:0.03|252311:0.49|1449654:0.04|1642490:0.45|2178321:0.46|7865154:0.42|9383788:0.49
91|1:0.39|2:0.60|3:0.15|7:0.79|8:0.70|16:0.05|22:0.77|24:0.48|26:0.49|27:0.48|30:0.65|32:0.55|35:0.04|39:0.04|40:0.28|43:0.84|45:0.86|51:0.79|54:0.38|58:0.63|59:0.39|61:0.60|62:0.22|65:0.24|67:0.04|69:0.72|72:0.42|73:0.28|74:0.92|75:0.37|76:0.07|79:0.83|83:0.47|87:0.22|89:0.04|90:0.93|93:0.66|96:0.13|97:0.66|821:0.14|2528:0.53|6822:0.06|7830:0.05|13585:0.42|123682:0.27|287981:0.84|1016411:0.68|1449654:0.61|1642490:0.63|2178321:0.16
92|4:0.56|5:0.83|6:0.12|7:0.80|8:0.23|13:0.68|14:0.65|15:0.49|16:0.46|17:0.17|19:0.39|20:0.60|21:0.96|22:0.54|26:0.35|28:0.44|32:0.38|34:0.92|37:0.44|39:0.35|40:0.82|41:0.79|42:0.90|43:0.75|44:0.32|45:0.04|46:0.71|47:0.93|48:0.88|51:0.93|52:0.82|54:0.32|55:0.57|56:0.28|61:0.00|62:0.96|63:0.30|69:0.76|70:0.33|71:0.32|72:0.88|76:0.98|77:0.41|78:0.62|83:0.41|87:0.56|88:0.51|89:0.68|90:0.94|91:0.23|93:0.98|97:0.92|98:0.39|100:0.33|270:0.20|123682:0.30|211190:0.92|252311:0.51|287981:0.73|1016411:0.01|1449654:0.32|2178321:0.24|4060140:0.74|7865154:0.85
93|5:0.66|9:0.93|10:0.65|14:0.75|15:0.45|19:0.28|21:0.17|27:0.83|29:0.80|30:0.51|32:0.11|34:0.25|35:0.47|37:0.41|38:0.13|39:0.07|42:0.33|43:0.45|45:0.20|46:0.09|55:0.40|56:0.13|61:0.01|65:0.75|68:0.48|69:0.04|71:0.85|74:0.68|75:0.36|76:0.25|78:0.24|81:0.53|82:0.13|84:0.76|85:0.66|88:0.23|91:0.55|92:0.36|98:0.61|99:0.77|100:0.84|270:0.21|821:0.72|2370:0.32|6822:0.52|13585:0.06|123682:0.96|211190:0.32|1016411:0.43|1449654:0.85|1642490:0.69|2178321:0.41|9383788:0.78
94|1:0.62|2:0.76|3:0.25|4:0.18|7:0.14|10:0.28|14:0.54|15:0.88|19:0.54|21:0.26|24:0.74|25:0.57|27:0.41|28:0.53|32:0.04|35:0.06|37:0.36|38:0.63|39:0.77|41:0.89|42:0.87|43:0.83|45:0.68|48:0.92|49:0.78|52:0.17|53:0.59|59:0.98|62:0.85|63:0.75|68:0.16|69:0.27|70:0.59|71:0.30|75:0.41|76:0.75|79:0.78|81:0.80|88:0.68|89:0.65|92:0.73|93:0.94|96:0.48|99:0.84|100:0.35|735:0.51|821:0.82|2370:0.38|2528:0.73|6822:0.87|7830:0.93|13585:0.21|123682:0.58|211190:0.52|252311:0.81|1016411:0.55|1449654:0.86|1642490:0.97|2178321:0.46
95|1:1.00|2:0.09|3:0.80|5:0.32|8:0.32|9:0.58|10:0.79|11:0.70|14:0.78|22:0.48|24:0.62|25:0.17|27:0.52|29:0.69|30:0.12|32:0.09|35:0.54|36:0.97|37:0.33|39:0.55|40:0.61|42:0.20|43:0.06|44:0.94|47:0.53|48:0.34|49:0.58|52:0.89|56:0.15|58:0.90|59:0.37|67:0.45|68:0.73|69:0.65|70:0.29|71:0.54|72:0.72|73:0.05|74:0.65|75:0.07|77:0.83|79:0.74|81:0.98|82:0.45|83:0.60|85:0.38|91:0.48|93:0.17|97:0.66|98:0.37|100:0.93|735:0.40|821:0.34|2370:0.38|7830:0.01
96|1:0.26|4:0.72|5:0.19|6:0.06|7:0.83|8:0.31|9:0.56|11:0.67|13:0.22|14:0.84|15:0.23|16:0.34|20:0.09|23:0.29|24:0.02|30:0.19|34:0.23|36:0.15|37:0.19|38:0.20|39:0.65|42:0.99|44:0.19|46:0.30|47:0.32|48:0.24|49:0.91|52:0.69|54:0.11|58:0.03|59:0.56|61:0.97|62:0.08|63:0.91|65:0.04|68:0.30|71:0.90|73:0.49|74:0.10|77:0.10|79:0.11|82:0.41|83:0.42|84:0.15|87:0.26|88:0.59|90:0.09|92:0.87|93:0.30|97:0.65|100:0.03|185:0.67|270:0.10|735:0.75|821:0.97|6822:0.67|13585:0.84|123682:0.01|211190:0.07|287981:0.43|1642490:0.04|2178321:0.44|4060140:0.86|9383788:0.41
97|8:0.09|9:0.08|10:0.39|11:0.62|20:0.34|21:0.85|22:0.08|23:0.47|24:0.55|27:0.18|28:0.98|30:0.86|33:0.59|34:0.97|36:0.78|39:0.00|43:0.42|44:0.21|45:0.31|51:0.18|55:0.07|58:0.98|67:0.21|69:0.75|71:0.27|73:0.92|76:0.70|77:0.64|79:0.32|83:0.98|86:0.55|87:0.80|88:0.97|89:0.49|93:0.12|97:0.62|98:0.15|99:0.33|100:0.80|270:0.25|735:0.24|821:0.43|2528:0.94|6822:0.19|13585:0.29|211190:0.72|252311:0.53|287981:0.20|1016411:0.66|1449654:0.77|1642490:0.85|2178321:0.04|7865154:0.24
98|2:0.22|3:0.29|4:0.74|6:0.86|8:0.99|9:0.42|10:0.94|13:0.52|14:0.71|22:0.21|23:0.45|28:0.72|29:0.25|32:0.97|34:0.70|35:0.01|38:0.00|41:0.06|42:0.05|46:0.98|49:0.78|51:0.24|52:0.29|53:0.55|55:0.02|56:0.29|59:0.91|60:0.95|62:0.41|67:0.18|68:0.52|69:0.91|70:0.03|72:0.90|75:0.47|78:0.84|79:0.93|81:0.02|82:0.26|85:0.93|86:0.44|87:0.63|89:0.86|90:0.20|92:0.55|93:0.85|96:0.21|97:0.24|98:0.94|100:0.33|185:0.55|735:0.44|7830:0.33|123682:0.99|252311:0.01|1016411:0.74|1449654:0.23|1642490:0.92|2178321:0.66|7865154:0.85
99|1:0.22|2:0.54|4:0.49|11:0.33|13:0.10|14:0.56|16:0.16|17:0.44|23:0.54|24:0.75|26:0.82|27:0.80|28:0.49|32:0.45|35:0.95|36:0.79|37:0.35|38:0.70|41:0.05|42:0.06|46:0.47|48:0.29|51:0.70|52:0.44|53:0.51|55:0.84|59:0.66|60:0.25|61:0.48|62:0.62|65:0.90|66:0.94|67:0.37|68:0.80|71:0.69|72:0.57|74:0.53|75:0.66|76:0.51|78:0.98|79:0.62|81:0.76|83:0.34|84:0.62|85:0.07|86:0.47|88:0.75|93:0.22|96:0.18|98:0.90|99:0.05|100:0.55|185:0.55|821:0.76|2370:0.47|6822:0.72|13585:0.54|252311:0.85|1449654:0.84|1642490:0.11|4060140:0.57
